title,slug,category,metaDescription,intro
OEM Solar Camera Manufacturer,oem-solar-camera-manufacturer,OEM,"Haswell Security provides oem solar camera manufacturer services from Shenzhen, China.",Build your brand with Haswell oem solar camera manufacturer support.
Private Label Solar Camera Manufacturer,private-label-solar-camera-manufacturer,OEM,"Haswell Security provides private label solar camera manufacturer services from Shenzhen, China.",Build your brand with Haswell private label solar camera manufacturer support.
OEM Smart Lock Manufacturer,oem-smart-lock-manufacturer,OEM,"Haswell Security provides oem smart lock manufacturer services from Shenzhen, China.",Build your brand with Haswell oem smart lock manufacturer support.
Private Label Smart Lock Manufacturer,private-label-smart-lock-manufacturer,OEM,"Haswell Security provides private label smart lock manufacturer services from Shenzhen, China.",Build your brand with Haswell private label smart lock manufacturer support.
OEM Barrier Gate Manufacturer,oem-barrier-gate-manufacturer,OEM,"Haswell Security provides oem barrier gate manufacturer services from Shenzhen, China.",Build your brand with Haswell oem barrier gate manufacturer support.
Private Label Barrier Gate Manufacturer,private-label-barrier-gate-manufacturer,OEM,"Haswell Security provides private label barrier gate manufacturer services from Shenzhen, China.",Build your brand with Haswell private label barrier gate manufacturer support.
OEM RFID Reader Manufacturer,oem-rfid-reader-manufacturer,OEM,"Haswell Security provides oem rfid reader manufacturer services from Shenzhen, China.",Build your brand with Haswell oem rfid reader manufacturer support.
Private Label RFID Reader Manufacturer,private-label-rfid-reader-manufacturer,OEM,"Haswell Security provides private label rfid reader manufacturer services from Shenzhen, China.",Build your brand with Haswell private label rfid reader manufacturer support.
OEM Electric Lock Manufacturer,oem-electric-lock-manufacturer,OEM,"Haswell Security provides oem electric lock manufacturer services from Shenzhen, China.",Build your brand with Haswell oem electric lock manufacturer support.
Private Label Electric Lock Manufacturer,private-label-electric-lock-manufacturer,OEM,"Haswell Security provides private label electric lock manufacturer services from Shenzhen, China.",Build your brand with Haswell private label electric lock manufacturer support.
OEM X Ray Scanner Manufacturer,oem-x-ray-scanner-manufacturer,OEM,"Haswell Security provides oem x ray scanner manufacturer services from Shenzhen, China.",Build your brand with Haswell oem x ray scanner manufacturer support.
Private Label X Ray Scanner Manufacturer,private-label-x-ray-scanner-manufacturer,OEM,"Haswell Security provides private label x ray scanner manufacturer services from Shenzhen, China.",Build your brand with Haswell private label x ray scanner manufacturer support.
OEM Metal Detector Manufacturer,oem-metal-detector-manufacturer,OEM,"Haswell Security provides oem metal detector manufacturer services from Shenzhen, China.",Build your brand with Haswell oem metal detector manufacturer support.
Private Label Metal Detector Manufacturer,private-label-metal-detector-manufacturer,OEM,"Haswell Security provides private label metal detector manufacturer services from Shenzhen, China.",Build your brand with Haswell private label metal detector manufacturer support.
OEM Body Worn Camera Manufacturer,oem-body-worn-camera-manufacturer,OEM,"Haswell Security provides oem body worn camera manufacturer services from Shenzhen, China.",Build your brand with Haswell oem body worn camera manufacturer support.
Private Label Body Worn Camera Manufacturer,private-label-body-worn-camera-manufacturer,OEM,"Haswell Security provides private label body worn camera manufacturer services from Shenzhen, China.",Build your brand with Haswell private label body worn camera manufacturer support.
OEM LPR Camera Manufacturer,oem-lpr-camera-manufacturer,OEM,"Haswell Security provides oem lpr camera manufacturer services from Shenzhen, China.",Build your brand with Haswell oem lpr camera manufacturer support.
Private Label LPR Camera Manufacturer,private-label-lpr-camera-manufacturer,OEM,"Haswell Security provides private label lpr camera manufacturer services from Shenzhen, China.",Build your brand with Haswell private label lpr camera manufacturer support.
OEM Smart Intercom Manufacturer,oem-smart-intercom-manufacturer,OEM,"Haswell Security provides oem smart intercom manufacturer services from Shenzhen, China.",Build your brand with Haswell oem smart intercom manufacturer support.
Private Label Smart Intercom Manufacturer,private-label-smart-intercom-manufacturer,OEM,"Haswell Security provides private label smart intercom manufacturer services from Shenzhen, China.",Build your brand with Haswell private label smart intercom manufacturer support.
